latitude,longitude,brightness,scan,track,acq_date,acq_time,satellite,instrument,confidence,version,bright_t31,frp,daynight,type
-11.807,142.0583,313,1,1,2019/8/1,56,Terra,MODIS,48,6.3,297.3,6.6,D,0
-11.7924,142.085,319.3,1,1,2019/8/1,56,Terra,MODIS,71,6.3,297.3,11.3,D,0
-12.8398,132.8744,311.6,3.1,1.7,2019/8/1,57,Terra,MODIS,42,6.3,298.7,23.1,D,0
-14.4306,143.3035,310.1,1.1,1.1,2019/8/1,57,Terra,MODIS,33,6.3,296.1,6.5,D,0
-12.4953,131.4897,310.3,4,1.9,2019/8/1,57,Terra,MODIS,36,6.3,298.8,27.6,D,0
-12.6191,142.1998,314.8,1,1,2019/8/1,57,Terra,MODIS,68,6.3,297.6,9.3,D,0
-14.3655,143.5682,305.4,1.2,1.1,2019/8/1,57,Terra,MODIS,24,6.3,283.9,5.9,D,0
-14.3195,143.5198,322.9,1.2,1.1,2019/8/1,57,Terra,MODIS,79,6.3,290.9,20.4,D,0
-13.1654,141.9715,317.2,1,1,2019/8/1,57,Terra,MODIS,72,6.3,300,9.9,D,0
-11.5473,132.6796,311.5,3.4,1.7,2019/8/1,57,Terra,MODIS,40,6.3,298.7,27.3,D,0
-11.5417,132.649,312.2,3.4,1.7,2019/8/1,57,Terra,MODIS,42,6.3,298,31.4,D,0
-11.5471,132.6538,316,3.4,1.7,2019/8/1,57,Terra,MODIS,65,6.3,298,52.7,D,0
-12.7626,142.1759,335.2,1,1,2019/8/1,57,Terra,MODIS,88,6.3,301.7,30.1,D,0
-12.705,133.907,311.7,2.6,1.5,2019/8/1,57,Terra,MODIS,57,6.3,298.6,20.6,D,0
-13.1092,134.1848,315.9,2.4,1.5,2019/8/1,57,Terra,MODIS,67,6.3,298.4,29.5,D,0
-14.0539,142.3327,316,1,1,2019/8/1,57,Terra,MODIS,52,6.3,298.8,7.8,D,0
-12.6996,133.9138,310.9,2.6,1.5,2019/8/1,57,Terra,MODIS,55,6.3,298.7,17.6,D,0
-12.7499,134.5251,314.8,2.3,1.5,2019/8/1,57,Terra,MODIS,66,6.3,299.9,22.8,D,0
-12.7141,134.3991,313.9,2.4,1.5,2019/8/1,57,Terra,MODIS,64,6.3,299.2,23,D,0
-12.7061,134.4077,314,2.4,1.5,2019/8/1,57,Terra,MODIS,64,6.3,300,21.2,D,0
-13.8656,141.9771,315.7,1,1,2019/8/1,57,Terra,MODIS,69,6.3,300.8,6.7,D,0
-12.6491,134.3953,324.9,2.4,1.5,2019/8/1,57,Terra,MODIS,79,6.3,300.6,57.7,D,0
-13.1015,134.1926,311.3,2.4,1.5,2019/8/1,57,Terra,MODIS,55,6.3,298.1,17.2,D,0
-12.6703,142.1102,322.4,1,1,2019/8/1,57,Terra,MODIS,78,6.3,301,13.7,D,0
-13.3042,142.04,318.6,1,1,2019/8/1,57,Terra,MODIS,76,6.3,299,11.6,D,0
-13.2236,141.9914,325.3,1,1,2019/8/1,57,Terra,MODIS,69,6.3,300.4,16.2,D,0
-13.2821,142.4617,306.5,1,1,2019/8/1,57,Terra,MODIS,19,6.3,280.3,5.4,D,0
-13.2159,142.002,325.5,1,1,2019/8/1,57,Terra,MODIS,52,6.3,297.3,17.6,D,0
-13.2537,142.5242,310,1,1,2019/8/1,57,Terra,MODIS,37,6.3,291.3,4.3,D,0
-12.4513,141.8071,320.2,1,1,2019/8/1,57,Terra,MODIS,68,6.3,296,13,D,0
-12.4527,141.8162,328.6,1,1,2019/8/1,57,Terra,MODIS,83,6.3,298.2,21.8,D,0
-12.544,142.4455,317.6,1,1,2019/8/1,57,Terra,MODIS,57,6.3,301.1,8.8,D,0
-12.463,141.8241,317,1,1,2019/8/1,57,Terra,MODIS,51,6.3,298.3,8.2,D,0
-12.5567,141.8979,336.5,1,1,2019/8/1,57,Terra,MODIS,88,6.3,304.4,31.5,D,0
-12.5581,141.9071,318.2,1,1,2019/8/1,57,Terra,MODIS,56,6.3,304.8,8.9,D,0
-13.2313,131.9106,316.7,3.6,1.8,2019/8/1,57,Terra,MODIS,68,6.3,300,49.9,D,0
-13.2394,131.9032,319.1,3.6,1.8,2019/8/1,57,Terra,MODIS,72,6.3,300.6,61.1,D,0
-13.2993,131.9598,315.3,3.6,1.8,2019/8/1,57,Terra,MODIS,54,6.3,300.3,37,D,0
-13.3151,131.9569,314.2,3.6,1.8,2019/8/1,57,Terra,MODIS,44,6.3,300.6,31.6,D,0
-15.3551,142.3028,319.7,1.1,1,2019/8/1,57,Terra,MODIS,72,6.3,291,15,D,0
-15.3658,142.3113,329.2,1.1,1,2019/8/1,57,Terra,MODIS,85,6.3,293.4,25,D,0
-14.2726,135.0443,314.3,2,1.4,2019/8/1,57,Terra,MODIS,62,6.3,301,15.3,D,0
-15.4778,142.5924,314.3,1.1,1,2019/8/1,57,Terra,MODIS,70,6.3,290.2,10.7,D,0
-14.3048,134.9182,321.8,2,1.4,2019/8/1,57,Terra,MODIS,75,6.3,301.4,35.7,D,0
-14.308,134.9367,316.1,2,1.4,2019/8/1,57,Terra,MODIS,66,6.3,300,20.5,D,0
-12.7613,142.1666,319.2,1,1,2019/8/1,57,Terra,MODIS,71,6.3,300.3,10.1,D,0
-12.8447,132.9017,324,3.1,1.7,2019/8/1,57,Terra,MODIS,78,6.3,299.6,80.1,D,0
-12.8782,132.9177,312.6,3.1,1.7,2019/8/1,57,Terra,MODIS,53,6.3,300.7,24.7,D,0
-15.0081,131.7665,312.6,3.4,1.7,2019/8/1,58,Terra,MODIS,46,6.3,299.2,30.2,D,0
-15.7637,137.0728,377.6,1.3,1.1,2019/8/1,58,Terra,MODIS,75,6.3,306.4,208.1,D,0
-15.7678,137.0335,319.5,1.4,1.2,2019/8/1,58,Terra,MODIS,35,6.3,303,14.5,D,0
-15.7699,137.046,345.8,1.4,1.2,2019/8/1,58,Terra,MODIS,93,6.3,303.7,71.3,D,0
-15.7863,137.0816,321.4,1.3,1.1,2019/8/1,58,Terra,MODIS,59,6.3,300.8,17.1,D,0
-14.651,130.5884,313.6,4.2,1.9,2019/8/1,58,Terra,MODIS,53,6.3,297.1,46.2,D,0
-14.6536,130.5824,312.4,4.2,1.9,2019/8/1,58,Terra,MODIS,47,6.3,297.1,40,D,0
-14.6614,130.6219,312.6,4.2,1.9,2019/8/1,58,Terra,MODIS,43,6.3,296.4,42,D,0
-14.727,130.6886,311.9,4.1,1.9,2019/8/1,58,Terra,MODIS,40,6.3,296.4,39.4,D,0
-14.9422,131.8184,318.3,3.4,1.7,2019/8/1,58,Terra,MODIS,70,6.3,300.6,54.8,D,0
-15.7616,137.0603,336.7,1.3,1.2,2019/8/1,58,Terra,MODIS,79,6.3,299.5,44.5,D,0
-15.1411,131.1486,315,3.8,1.8,2019/8/1,58,Terra,MODIS,54,6.3,297.6,46.2,D,0
-15.1317,131.1449,313.2,3.8,1.8,2019/8/1,58,Terra,MODIS,27,6.3,297.8,37.3,D,0
-16.144,136.7135,367.6,1.4,1.2,2019/8/1,58,Terra,MODIS,100,6.3,307.8,162.2,D,0
-15.1544,131.1757,312.2,3.7,1.8,2019/8/1,58,Terra,MODIS,20,6.3,298.3,31.4,D,0
-16.1479,136.6726,349.3,1.4,1.2,2019/8/1,58,Terra,MODIS,95,6.3,304.3,84.5,D,0
-16.1501,136.6857,345.1,1.4,1.2,2019/8/1,58,Terra,MODIS,92,6.3,305.9,69.9,D,0
-16.1545,136.7117,339.3,1.4,1.2,2019/8/1,58,Terra,MODIS,89,6.3,307,52,D,0
-16.1646,136.6428,328.5,1.4,1.2,2019/8/1,58,Terra,MODIS,80,6.3,303.6,30.8,D,0
-15.1018,130.5473,310.8,4.2,1.9,2019/8/1,58,Terra,MODIS,47,6.3,295.6,33.9,D,0
-15.1089,130.5845,309.7,4.1,1.9,2019/8/1,58,Terra,MODIS,13,6.3,295.1,27.9,D,0
-15.1657,129.9294,315.3,4.6,2,2019/8/1,58,Terra,MODIS,64,6.3,296.9,76.1,D,0
-15.1644,129.9221,313.4,4.6,2,2019/8/1,58,Terra,MODIS,58,6.3,296.6,63.3,D,0
-15.5022,130.6313,318.5,4,1.9,2019/8/1,58,Terra,MODIS,55,6.3,298.4,68.1,D,0
-15.4825,130.4364,314.4,4.2,1.9,2019/8/1,58,Terra,MODIS,49,6.3,298.2,48.5,D,0
-15.4967,130.6638,314.7,4,1.9,2019/8/1,58,Terra,MODIS,16,6.3,298,44.7,D,0
-15.5059,130.623,317.6,4,1.9,2019/8/1,58,Terra,MODIS,54,6.3,298.3,65.5,D,0
-15.485,130.4285,312.4,4.2,1.9,2019/8/1,58,Terra,MODIS,44,6.3,297.8,39.6,D,0
-14.0156,131.5979,315,3.7,1.8,2019/8/1,58,Terra,MODIS,63,6.3,298.8,49.2,D,0
-20.7333,139.479,311.5,1,1,2019/8/1,59,Terra,MODIS,59,6.3,297.6,5.9,D,2
-28.0219,148.1972,308.1,3.7,1.8,2019/8/1,101,Terra,MODIS,46,6.3,294.4,31,D,0
-32.2111,146.7604,303.7,3.2,1.7,2019/8/1,102,Terra,MODIS,39,6.3,291.3,19.2,D,0
-32.2088,146.7257,309.2,3.2,1.7,2019/8/1,102,Terra,MODIS,68,6.3,292.3,38.7,D,0
-14.6671,126.7783,323.4,4.4,1.9,2019/8/1,236,Terra,MODIS,59,6.3,301.9,98.1,D,0
-14.668,126.7715,324.4,4.4,1.9,2019/8/1,236,Terra,MODIS,77,6.3,301.8,114.8,D,0
-14.6721,126.8129,324.1,4.5,1.9,2019/8/1,236,Terra,MODIS,77,6.3,303.1,114.9,D,0
-14.6855,126.7699,339.8,4.4,1.9,2019/8/1,236,Terra,MODIS,90,6.3,302.2,287.9,D,0
-14.6896,126.8108,324.6,4.5,1.9,2019/8/1,236,Terra,MODIS,50,6.3,304.7,113.4,D,0
-14.7213,126.7612,315.2,4.4,1.9,2019/8/1,236,Terra,MODIS,61,6.3,302.9,45.5,D,0
-16.0896,125.9278,315.1,4,1.9,2019/8/1,236,Terra,MODIS,58,6.3,301.8,45.9,D,0
-16.0778,125.9238,312.9,4,1.9,2019/8/1,236,Terra,MODIS,43,6.3,301,33.1,D,0
-16.1692,125.9902,312.8,4.1,1.9,2019/8/1,236,Terra,MODIS,56,6.3,301.2,37.5,D,0
-14.6846,126.7765,344.9,4.4,1.9,2019/8/1,236,Terra,MODIS,93,6.3,302.9,362.5,D,0
-29.6694,116.5634,305.6,1.3,1.1,2019/8/1,240,Terra,MODIS,62,6.3,291.9,7.4,D,0
-29.429,115.0197,304.2,1.1,1.1,2019/8/1,240,Terra,MODIS,58,6.3,293.4,5.3,D,0
-34.082,116.7357,305.9,1.5,1.2,2019/8/1,241,Terra,MODIS,62,6.3,289,14.4,D,0
-31.2771,115.845,301.7,1.3,1.1,2019/8/1,241,Terra,MODIS,49,6.3,291.4,5.6,D,0
-32.4999,116.0805,301.4,1.3,1.1,2019/8/1,241,Terra,MODIS,46,6.3,286.7,8.5,D,0
-32.8685,116.5515,302.3,1.4,1.2,2019/8/1,241,Terra,MODIS,51,6.3,289.3,9.7,D,0
-33.7142,122.2123,304.6,3.4,1.7,2019/8/1,241,Terra,MODIS,59,6.3,289.5,35.1,D,0
-33.6942,117.6054,300.2,1.7,1.3,2019/8/1,241,Terra,MODIS,32,6.3,287.8,9.7,D,0
-33.6976,117.2918,303,1.6,1.3,2019/8/1,241,Terra,MODIS,54,6.3,287.4,11.8,D,0
-34.0838,116.7459,304.5,1.5,1.2,2019/8/1,241,Terra,MODIS,59,6.3,289.1,11.8,D,0
-33.9346,115.166,300.9,1.3,1.1,2019/8/1,241,Terra,MODIS,43,6.3,288.1,7.1,D,0
-34.1447,116.3721,356.7,1.5,1.2,2019/8/1,241,Terra,MODIS,98,6.3,288.9,138.3,D,0
-34.1465,116.3881,401.5,1.5,1.2,2019/8/1,241,Terra,MODIS,100,6.3,295.7,461.8,D,0
-34.1486,116.3819,402.3,1.5,1.2,2019/8/1,241,Terra,MODIS,100,6.3,295.1,470.3,D,0
-34.1502,116.3977,337.8,1.5,1.2,2019/8/1,241,Terra,MODIS,91,6.3,288.2,72.4,D,0
-34.5699,118.5261,300.1,2,1.4,2019/8/1,241,Terra,MODIS,29,6.3,289,11.8,D,0
-34.5719,118.5483,306.5,2,1.4,2019/8/1,241,Terra,MODIS,64,6.3,289.6,22,D,0
-33.5541,147.8052,305.6,1.8,1.3,2019/8/1,340,Aqua,MODIS,62,6.3,294.2,9.6,D,0
-34.468,150.8807,310.5,1.2,1.1,2019/8/1,340,Aqua,MODIS,61,6.3,294.5,9.9,D,2
-31.7148,151.0734,327,1.1,1.1,2019/8/1,341,Aqua,MODIS,85,6.3,296.7,26.3,D,0
-31.7162,151.0615,310.5,1.1,1.1,2019/8/1,341,Aqua,MODIS,67,6.3,296.8,8.3,D,0
-31.7932,148.5045,323.2,1.5,1.2,2019/8/1,341,Aqua,MODIS,80,6.3,294.7,29.5,D,0
-31.7949,148.4881,333.6,1.5,1.2,2019/8/1,341,Aqua,MODIS,87,6.3,298.4,53.4,D,0
-31.3758,150.696,308.4,1.2,1.1,2019/8/1,341,Aqua,MODIS,50,6.3,296.5,6,D,0
-31.3773,150.6837,320.7,1.2,1.1,2019/8/1,341,Aqua,MODIS,80,6.3,297.1,18.3,D,0
-31.3949,149.6613,311.9,1.3,1.1,2019/8/1,341,Aqua,MODIS,21,6.3,298.5,10.4,D,0
-30.8634,150.7224,308.5,1.1,1.1,2019/8/1,341,Aqua,MODIS,59,6.3,298,5.1,D,0
-30.8649,150.7103,309.6,1.1,1.1,2019/8/1,341,Aqua,MODIS,65,6.3,297.4,5.9,D,0
-32.7107,147.0208,309.8,2,1.4,2019/8/1,341,Aqua,MODIS,64,6.3,295.9,15.6,D,0
-31.8089,150.3822,307.4,1.2,1.1,2019/8/1,341,Aqua,MODIS,61,6.3,293.4,7.4,D,0
-29.558,152.1505,312.3,1,1,2019/8/1,341,Aqua,MODIS,55,6.3,281.9,12.9,D,0
-30.3403,147.721,317.1,1.7,1.3,2019/8/1,341,Aqua,MODIS,69,6.3,296.7,20.7,D,0
-30.413,148.553,313.6,1.5,1.2,2019/8/1,341,Aqua,MODIS,68,6.3,296.7,10.9,D,0
-30.8997,147.6905,311.3,1.7,1.3,2019/8/1,341,Aqua,MODIS,55,6.3,298,9.8,D,0
-30.4042,152.0655,305.7,1,1,2019/8/1,341,Aqua,MODIS,35,6.3,289.2,6.5,D,0
-30.9441,147.7144,315.9,1.7,1.3,2019/8/1,341,Aqua,MODIS,64,6.3,298.3,15.7,D,0
-30.9428,147.7031,319.7,1.7,1.3,2019/8/1,341,Aqua,MODIS,76,6.3,299.2,25.3,D,0
-32.8059,149.3534,304.7,1.4,1.2,2019/8/1,341,Aqua,MODIS,58,6.3,292.5,9.4,D,0
-32.712,147.0259,310.4,2,1.4,2019/8/1,341,Aqua,MODIS,66,6.3,295.8,16,D,0
-32.208,146.7333,311.1,2,1.4,2019/8/1,341,Aqua,MODIS,47,6.3,290.7,20.4,D,0
-29.5127,148.5623,311.9,1.4,1.2,2019/8/1,342,Aqua,MODIS,48,6.3,294.8,10.3,D,0
-28.0156,148.2017,335.3,1.4,1.2,2019/8/1,342,Aqua,MODIS,84,6.3,298.8,56,D,0
-29.088,148.4866,320.8,1.4,1.2,2019/8/1,342,Aqua,MODIS,76,6.3,297.3,19.6,D,0
-24.6606,151.3671,327.9,1,1,2019/8/1,343,Aqua,MODIS,78,6.3,291,23.3,D,0
-24.6682,151.3786,328.2,1,1,2019/8/1,343,Aqua,MODIS,81,6.3,293.4,23.4,D,0
-24.6578,151.3869,324,1,1,2019/8/1,343,Aqua,MODIS,82,6.3,294.1,18.7,D,0
-19.4815,146.3895,317.8,1.5,1.2,2019/8/1,344,Aqua,MODIS,52,6.3,288.4,19.6,D,0
-19.4922,146.3912,360.2,1.5,1.2,2019/8/1,344,Aqua,MODIS,94,6.3,293.8,140.7,D,0
-19.4995,146.4203,340.5,1.4,1.2,2019/8/1,344,Aqua,MODIS,86,6.3,294.8,68.7,D,0
-19.4927,146.4757,314.5,1.4,1.2,2019/8/1,344,Aqua,MODIS,49,6.3,295.1,14.8,D,0
-19.5102,146.422,312.2,1.4,1.2,2019/8/1,344,Aqua,MODIS,55,6.3,293.8,14.4,D,0
-19.4939,146.3771,316.3,1.5,1.2,2019/8/1,344,Aqua,MODIS,6,6.3,286.4,16.7,D,0
-18.6816,145.7365,310.4,1.6,1.2,2019/8/1,345,Aqua,MODIS,61,6.3,290.4,15.5,D,0
-14.8508,144.3189,387.4,1.7,1.3,2019/8/1,346,Aqua,MODIS,100,6.3,306.6,405.8,D,0
-14.8529,144.3027,334.9,1.8,1.3,2019/8/1,346,Aqua,MODIS,88,6.3,299.3,67.7,D,0
-13.2252,141.9932,325,2.5,1.5,2019/8/1,346,Aqua,MODIS,57,6.3,295.1,61,D,0
-13.2352,141.9781,324.7,2.5,1.5,2019/8/1,346,Aqua,MODIS,70,6.3,295.6,60.2,D,0
-13.2325,142.0011,328.1,2.5,1.5,2019/8/1,346,Aqua,MODIS,83,6.3,295.1,75.9,D,0
-13.3346,142.0185,312.7,2.5,1.5,2019/8/1,346,Aqua,MODIS,36,6.3,294.3,19.9,D,0
-13.5224,142.6336,316.1,2.2,1.5,2019/8/1,346,Aqua,MODIS,69,6.3,298.4,24.5,D,0
-13.6289,141.9563,317.7,2.5,1.5,2019/8/1,346,Aqua,MODIS,66,6.3,298.9,37,D,0
-13.5903,142.621,312.8,2.3,1.5,2019/8/1,346,Aqua,MODIS,47,6.3,297.4,13.4,D,0
-13.5872,142.6256,316.1,2.3,1.5,2019/8/1,346,Aqua,MODIS,68,6.3,297.5,21.2,D,0
-13.8268,143.14,309.6,2.1,1.4,2019/8/1,346,Aqua,MODIS,34,6.3,295.5,10.8,D,0
-15.4776,142.5811,315.4,2.4,1.5,2019/8/1,346,Aqua,MODIS,47,6.3,298,20,D,0
-15.0828,144.9226,309.4,1.6,1.2,2019/8/1,346,Aqua,MODIS,51,6.3,290.9,12.2,D,0
-15.0421,144.9773,310.3,1.6,1.2,2019/8/1,346,Aqua,MODIS,57,6.3,290.2,15.6,D,0
-15.0416,144.9704,310.1,1.6,1.2,2019/8/1,346,Aqua,MODIS,34,6.3,291,13.9,D,0
-15.038,144.8193,315.2,1.6,1.3,2019/8/1,346,Aqua,MODIS,66,6.3,298.5,16.5,D,0
-15.0267,144.8179,316.6,1.6,1.3,2019/8/1,346,Aqua,MODIS,72,6.3,298.7,18.7,D,0
-15.0594,144.4606,315,1.7,1.3,2019/8/1,346,Aqua,MODIS,32,6.3,289,18,D,0
-14.9914,144.9189,320.7,1.6,1.2,2019/8/1,346,Aqua,MODIS,68,6.3,294.8,24.9,D,0
-14.9417,144.8623,317.3,1.6,1.2,2019/8/1,346,Aqua,MODIS,49,6.3,291.6,20.2,D,0
-14.9436,144.8472,327.7,1.6,1.2,2019/8/1,346,Aqua,MODIS,63,6.3,293,42.9,D,0
-14.8715,144.408,330.9,1.7,1.3,2019/8/1,346,Aqua,MODIS,76,6.3,292.4,52.9,D,0
-14.8676,144.3426,323.1,1.7,1.3,2019/8/1,346,Aqua,MODIS,62,6.3,293.7,30.9,D,0
-14.8695,144.3264,319.9,1.7,1.3,2019/8/1,346,Aqua,MODIS,60,6.3,299.2,24.4,D,0
-14.8559,144.3411,346.4,1.7,1.3,2019/8/1,346,Aqua,MODIS,94,6.3,300.7,105.5,D,0
-14.8579,144.3248,358.9,1.7,1.3,2019/8/1,346,Aqua,MODIS,99,6.3,303.2,170.7,D,0
-14.8598,144.3086,341.2,1.8,1.3,2019/8/1,346,Aqua,MODIS,91,6.3,299.9,86.4,D,0
-14.8443,144.3396,333.2,1.7,1.3,2019/8/1,346,Aqua,MODIS,65,6.3,297.4,55.1,D,0
-14.8462,144.3233,386.6,1.7,1.3,2019/8/1,346,Aqua,MODIS,100,6.3,302.5,395.1,D,0
-14.8481,144.307,365.4,1.8,1.3,2019/8/1,346,Aqua,MODIS,100,6.3,299.9,214.6,D,0
-14.8488,144.3351,349.2,1.7,1.3,2019/8/1,346,Aqua,MODIS,95,6.3,300.9,122.3,D,0
-11.7949,142.0856,312.3,2.3,1.5,2019/8/1,347,Aqua,MODIS,38,6.3,296.7,21.5,D,0
-12.018,141.8599,315.8,2.4,1.5,2019/8/1,347,Aqua,MODIS,49,6.3,296.8,30.9,D,0
-11.8598,142.1847,312.4,2.3,1.5,2019/8/1,347,Aqua,MODIS,25,6.3,298.1,21.4,D,0
-33.7971,120.7667,328.2,2.6,1.5,2019/8/1,519,Aqua,MODIS,86,6.3,294,104.3,D,0
-33.3438,120.8919,307.1,2.5,1.5,2019/8/1,519,Aqua,MODIS,65,6.3,292.9,24.2,D,0
-33.3513,120.8858,303.3,2.5,1.5,2019/8/1,519,Aqua,MODIS,48,6.3,292.7,15,D,0
-33.3014,120.9884,303.5,2.4,1.5,2019/8/1,519,Aqua,MODIS,51,6.3,292.2,15.7,D,0
-33.7994,120.7996,315.6,2.5,1.5,2019/8/1,519,Aqua,MODIS,76,6.3,292,53.2,D,0
-33.8013,120.7719,336,2.6,1.5,2019/8/1,519,Aqua,MODIS,90,6.3,294.5,145.8,D,0
-26.1473,129.3442,317.4,1.1,1,2019/8/1,521,Aqua,MODIS,63,6.3,303.1,8.9,D,0
-22.2687,124.8861,352.4,1.1,1,2019/8/1,522,Aqua,MODIS,95,6.3,312.1,59.2,D,0
-22.9423,128.2021,319.1,1.1,1,2019/8/1,522,Aqua,MODIS,56,6.3,305.9,6.7,D,0
-22.9439,128.1919,322,1.1,1,2019/8/1,522,Aqua,MODIS,65,6.3,306.4,9.8,D,0
-22.2645,124.9169,325.7,1.1,1,2019/8/1,522,Aqua,MODIS,69,6.3,308.4,11.7,D,0
-22.2659,124.9067,328.3,1.1,1,2019/8/1,522,Aqua,MODIS,74,6.3,310.2,15,D,0
-22.2673,124.8964,341.5,1.1,1,2019/8/1,522,Aqua,MODIS,88,6.3,311.1,35.6,D,0
-22.2701,124.8758,334.3,1.1,1,2019/8/1,522,Aqua,MODIS,82,6.3,308.9,24.1,D,0
-20.7789,119.4428,328.9,2.2,1.4,2019/8/1,523,Aqua,MODIS,75,6.3,309.9,45.8,D,0
-20.7918,119.4444,337.7,2.2,1.4,2019/8/1,523,Aqua,MODIS,85,6.3,309,81.1,D,0
-20.7941,119.4234,332.6,2.2,1.4,2019/8/1,523,Aqua,MODIS,80,6.3,307.6,57.3,D,0
-20.7811,119.4219,326.9,2.2,1.4,2019/8/1,523,Aqua,MODIS,72,6.3,308.8,37.6,D,0
-15.1927,130.34,325.6,1.8,1.3,2019/8/1,524,Aqua,MODIS,70,6.3,309.2,26.4,D,0
-16.9071,122.7686,324,1.2,1.1,2019/8/1,524,Aqua,MODIS,51,6.3,312,8.5,D,0
-15.4903,130.6806,328.7,1.9,1.3,2019/8/1,524,Aqua,MODIS,17,6.3,311.5,28.2,D,0
-15.5022,130.6125,333.7,1.8,1.3,2019/8/1,524,Aqua,MODIS,74,6.3,312.9,42.5,D,0
-15.5052,130.5955,337.4,1.8,1.3,2019/8/1,524,Aqua,MODIS,85,6.3,313.1,56.7,D,0
-15.5081,130.5788,328.8,1.8,1.3,2019/8/1,524,Aqua,MODIS,55,6.3,312.4,28.9,D,0
-15.511,130.562,328.1,1.8,1.3,2019/8/1,524,Aqua,MODIS,62,6.3,312.5,28.5,D,0
-15.5139,130.5452,328.2,1.8,1.3,2019/8/1,524,Aqua,MODIS,63,6.3,312.8,28.7,D,0
-15.5012,130.6593,331,1.9,1.3,2019/8/1,524,Aqua,MODIS,65,6.3,311.2,36.9,D,0
-15.5041,130.6423,328.6,1.9,1.3,2019/8/1,524,Aqua,MODIS,59,6.3,312.4,29.2,D,0
-15.5069,130.6255,327.4,1.9,1.3,2019/8/1,524,Aqua,MODIS,45,6.3,311.5,24.6,D,0
-15.5097,130.6084,334.3,1.8,1.3,2019/8/1,524,Aqua,MODIS,77,6.3,311.7,46.1,D,0
-15.5126,130.5914,331,1.8,1.3,2019/8/1,524,Aqua,MODIS,65,6.3,310.9,35.5,D,0
-15.4905,130.4331,327,1.8,1.3,2019/8/1,524,Aqua,MODIS,55,6.3,311.4,23,D,0
-15.4755,130.3795,337.2,1.8,1.3,2019/8/1,524,Aqua,MODIS,74,6.3,310.4,56.8,D,0
-16.1733,126.0054,327.3,1,1,2019/8/1,524,Aqua,MODIS,39,6.3,309.5,11.5,D,0
-16.1747,125.996,352.8,1,1,2019/8/1,524,Aqua,MODIS,95,6.3,314.5,55.7,D,0
-15.4381,130.5266,346.6,1.8,1.3,2019/8/1,524,Aqua,MODIS,92,6.3,311.8,91.1,D,0
-15.441,130.5098,345.3,1.8,1.3,2019/8/1,524,Aqua,MODIS,91,6.3,314.1,84.8,D,0
-16.1643,126.004,331,1,1,2019/8/1,524,Aqua,MODIS,67,6.3,311.3,15.8,D,0
-15.4292,130.5077,332.8,1.8,1.3,2019/8/1,524,Aqua,MODIS,79,6.3,311.7,36.5,D,0
-15.4435,130.5206,331.5,1.8,1.3,2019/8/1,524,Aqua,MODIS,65,6.3,313.5,32.8,D,0
-15.4317,130.5184,357.6,1.8,1.3,2019/8/1,524,Aqua,MODIS,98,6.3,312,152.4,D,0
-15.4345,130.5017,328.6,1.8,1.3,2019/8/1,524,Aqua,MODIS,53,6.3,312.9,23.8,D,0
-15.3797,130.7558,331.9,1.9,1.3,2019/8/1,524,Aqua,MODIS,57,6.3,311.5,37.8,D,0
-15.4227,130.4995,345.3,1.8,1.3,2019/8/1,524,Aqua,MODIS,91,6.3,311.2,83.2,D,0
-15.4109,130.4973,353.2,1.8,1.3,2019/8/1,524,Aqua,MODIS,96,6.3,310.5,123.9,D,0
-15.4137,130.4806,345.1,1.8,1.3,2019/8/1,524,Aqua,MODIS,91,6.3,311.2,83,D,0
-15.3556,130.7514,327.1,1.9,1.3,2019/8/1,524,Aqua,MODIS,53,6.3,311.6,24.3,D,0
-15.4019,130.4785,328.7,1.8,1.3,2019/8/1,524,Aqua,MODIS,74,6.3,309.2,28.3,D,0
-15.4047,130.4618,325.2,1.8,1.3,2019/8/1,524,Aqua,MODIS,53,6.3,308.9,20.9,D,0
-15.393,130.4597,328.9,1.8,1.3,2019/8/1,524,Aqua,MODIS,61,6.3,307.6,30.9,D,0
-16.09,126.005,327.9,1,1,2019/8/1,524,Aqua,MODIS,65,6.3,310.5,12.4,D,0
-16.0914,125.9955,337.3,1,1,2019/8/1,524,Aqua,MODIS,83,6.3,312.9,25.2,D,0
-15.2073,131.3123,322.7,2.1,1.4,2019/8/1,524,Aqua,MODIS,64,6.3,309.8,23.4,D,0
-16.0831,125.9264,323.7,1,1,2019/8/1,524,Aqua,MODIS,47,6.3,311.5,7.1,D,0
-16.0845,125.9169,341.2,1,1,2019/8/1,524,Aqua,MODIS,87,6.3,313.6,31.5,D,0
-16.0859,125.9075,333.1,1,1,2019/8/1,524,Aqua,MODIS,79,6.3,311.6,19.2,D,0
-16.0873,125.8981,324,1,1,2019/8/1,524,Aqua,MODIS,59,6.3,310.5,8.6,D,0
-15.2051,131.252,323.1,2.1,1.4,2019/8/1,524,Aqua,MODIS,66,6.3,308.8,23.3,D,0
-16.0754,125.9155,331.3,1,1,2019/8/1,524,Aqua,MODIS,75,6.3,310.4,16.3,D,0
-16.0768,125.9061,355.1,1,1,2019/8/1,524,Aqua,MODIS,97,6.3,313.4,61.3,D,0
-16.0782,125.8966,369.2,1,1,2019/8/1,524,Aqua,MODIS,100,6.3,314.4,103.1,D,0
-16.0796,125.8872,330.9,1,1,2019/8/1,524,Aqua,MODIS,76,6.3,310,17.7,D,0
-15.2049,131.3268,321.1,2.1,1.4,2019/8/1,524,Aqua,MODIS,61,6.3,308.2,19.1,D,0
-15.2055,131.2469,324.4,2.1,1.4,2019/8/1,524,Aqua,MODIS,70,6.3,308.7,29.7,D,0
-15.1654,131.18,322.4,2.1,1.4,2019/8/1,524,Aqua,MODIS,21,6.3,309.3,19,D,0
-15.1529,131.1778,339.6,2.1,1.4,2019/8/1,524,Aqua,MODIS,87,6.3,308.2,83.9,D,0
-15.0203,131.7745,323.6,2.3,1.5,2019/8/1,524,Aqua,MODIS,49,6.3,307.1,31.2,D,0
-15.024,131.7537,323.1,2.3,1.5,2019/8/1,524,Aqua,MODIS,45,6.3,307.1,29.6,D,0
-15.1513,131.1702,326.5,2.1,1.4,2019/8/1,524,Aqua,MODIS,33,6.3,308,31.4,D,0
-15.0231,131.7676,328.3,2.3,1.5,2019/8/1,524,Aqua,MODIS,74,6.3,307.2,48.5,D,0
-15.0063,131.7863,321.8,2.3,1.5,2019/8/1,524,Aqua,MODIS,38,6.3,309.2,22.6,D,0
-15.01,131.7649,320.8,2.3,1.5,2019/8/1,524,Aqua,MODIS,30,6.3,308.8,19.9,D,0
-15.1019,131.0828,324,2,1.4,2019/8/1,524,Aqua,MODIS,55,6.3,308,25.6,D,0
-15.1052,131.0639,320.5,2,1.4,2019/8/1,524,Aqua,MODIS,50,6.3,306.8,15.7,D,0
-15.0928,131.0617,327.1,2,1.4,2019/8/1,524,Aqua,MODIS,74,6.3,306.3,35.3,D,0
-15.2354,130.231,328.4,1.8,1.3,2019/8/1,524,Aqua,MODIS,55,6.3,310.3,29.4,D,0
-14.9462,131.8191,328.3,2.3,1.5,2019/8/1,524,Aqua,MODIS,51,6.3,309,44.7,D,0
-14.933,131.8167,325.4,2.3,1.5,2019/8/1,524,Aqua,MODIS,35,6.3,307.6,34.8,D,0
-15.1955,130.3236,324.5,1.8,1.3,2019/8/1,524,Aqua,MODIS,68,6.3,309.7,23.1,D,0
-15.1987,130.3355,327.5,1.8,1.3,2019/8/1,524,Aqua,MODIS,55,6.3,308.9,28.1,D,0
-14.938,131.8124,331.4,2.3,1.5,2019/8/1,524,Aqua,MODIS,73,6.3,308.6,59.8,D,0
-15.1352,130.4265,323.1,1.8,1.3,2019/8/1,524,Aqua,MODIS,47,6.3,310.5,17.9,D,0
-15.138,130.4098,328.8,1.8,1.3,2019/8/1,524,Aqua,MODIS,76,6.3,309,33,D,0
-14.3146,134.9123,320.9,4.1,1.9,2019/8/1,524,Aqua,MODIS,68,6.3,301,90.5,D,0
-15.0855,130.5753,336.4,1.9,1.3,2019/8/1,524,Aqua,MODIS,84,6.3,310.6,56.7,D,0
-15.1813,129.9411,334.9,1.7,1.3,2019/8/1,524,Aqua,MODIS,58,6.3,310.2,45.1,D,0
-15.1839,129.9258,339.1,1.7,1.3,2019/8/1,524,Aqua,MODIS,83,6.3,308.6,60.6,D,0
-15.1621,129.9849,337.6,1.7,1.3,2019/8/1,524,Aqua,MODIS,85,6.3,310.9,53.9,D,0
-14.3102,134.9034,321.6,4.1,1.9,2019/8/1,524,Aqua,MODIS,69,6.3,300.9,91.9,D,0
-15.0649,130.5837,324,1.9,1.3,2019/8/1,524,Aqua,MODIS,63,6.3,309.2,20.5,D,0
-15.1615,129.9945,329.4,1.7,1.3,2019/8/1,524,Aqua,MODIS,76,6.3,311,27.9,D,0
-15.1642,129.9779,328.9,1.7,1.3,2019/8/1,524,Aqua,MODIS,67,6.3,309,25.3,D,0
-14.7478,130.6871,328.6,1.9,1.4,2019/8/1,524,Aqua,MODIS,73,6.3,309.3,37,D,0
-14.6903,130.6577,338.1,1.9,1.4,2019/8/1,524,Aqua,MODIS,86,6.3,308.2,69.7,D,0
-14.6781,130.5841,331.5,1.9,1.3,2019/8/1,524,Aqua,MODIS,75,6.3,310.5,38,D,0
-14.6675,130.6108,340.9,1.9,1.4,2019/8/1,524,Aqua,MODIS,84,6.3,307.7,72.5,D,0
-14.6704,130.5937,328.4,1.9,1.3,2019/8/1,524,Aqua,MODIS,39,6.3,308.9,27.8,D,0
-14.6525,130.6261,349.8,1.9,1.4,2019/8/1,524,Aqua,MODIS,94,6.3,308.3,123.2,D,0
-14.6554,130.6088,340.7,1.9,1.4,2019/8/1,524,Aqua,MODIS,81,6.3,306.1,72.7,D,0
-14.6583,130.5915,331.1,1.9,1.3,2019/8/1,524,Aqua,MODIS,30,6.3,307.2,35.7,D,0
-14.6462,130.5895,374,1.9,1.3,2019/8/1,524,Aqua,MODIS,100,6.3,309.8,298.1,D,0
-14.6492,130.5721,327.4,1.9,1.3,2019/8/1,524,Aqua,MODIS,34,6.3,308,27.5,D,0
-14.3185,130.6756,325.9,2,1.4,2019/8/1,524,Aqua,MODIS,74,6.3,305.1,32.5,D,0
-14.3149,130.6678,320.9,2,1.4,2019/8/1,524,Aqua,MODIS,60,6.3,305.4,18,D,0
-14.2568,130.7132,325.2,2,1.4,2019/8/1,524,Aqua,MODIS,54,6.3,304.4,30.7,D,0
-14.2476,130.6929,321.2,2,1.4,2019/8/1,524,Aqua,MODIS,61,6.3,303.7,21,D,0
-14.3457,129.8308,321.8,1.7,1.3,2019/8/1,524,Aqua,MODIS,57,6.3,301.9,18.7,D,0
-14.2,130.6596,324.2,2,1.4,2019/8/1,524,Aqua,MODIS,42,6.3,301.8,28.8,D,0
-14.0453,131.4964,324.2,2.3,1.5,2019/8/1,524,Aqua,MODIS,66,6.3,303.4,33.6,D,0
-14.0286,131.5149,321.4,2.3,1.5,2019/8/1,524,Aqua,MODIS,49,6.3,303.9,23.1,D,0
-14.7357,126.7584,354,1.1,1,2019/8/1,524,Aqua,MODIS,96,6.3,311.9,61.3,D,0
-14.7264,126.7568,341,1.1,1,2019/8/1,524,Aqua,MODIS,83,6.3,313.9,31,D,0
-13.9821,131.244,347.7,2.2,1.4,2019/8/1,524,Aqua,MODIS,93,6.3,305.3,152.2,D,0
-13.9856,131.224,338.9,2.2,1.4,2019/8/1,524,Aqua,MODIS,88,6.3,304.3,101.5,D,0
-14.7061,126.7638,345.2,1.1,1,2019/8/1,524,Aqua,MODIS,91,6.3,312.8,36.4,D,0
-14.7076,126.7537,366.3,1.1,1,2019/8/1,524,Aqua,MODIS,100,6.3,313.2,95.5,D,0
-14.6983,126.7522,345.7,1.1,1,2019/8/1,524,Aqua,MODIS,91,6.3,313.6,38.4,D,0
-14.6998,126.7421,338.4,1.1,1,2019/8/1,524,Aqua,MODIS,85,6.3,313.3,24.8,D,0
-14.7013,126.732,345.2,1.1,1,2019/8/1,524,Aqua,MODIS,91,6.3,313.9,40.9,D,0
-14.163,130.0316,341.8,1.8,1.3,2019/8/1,524,Aqua,MODIS,89,6.3,303.1,86.1,D,0
-14.6749,126.7795,332.8,1.1,1,2019/8/1,524,Aqua,MODIS,50,6.3,311.1,17.9,D,0
-14.6732,126.7275,347.9,1.1,1,2019/8/1,524,Aqua,MODIS,93,6.3,311.7,47.8,D,0
-14.6748,126.7174,328.9,1.1,1,2019/8/1,524,Aqua,MODIS,54,6.3,310.7,13.3,D,0
-14.6213,126.9118,326.6,1.1,1.1,2019/8/1,524,Aqua,MODIS,56,6.3,311.7,10.4,D,0
-14.0959,130.0311,318.7,1.8,1.3,2019/8/1,524,Aqua,MODIS,40,6.3,304.2,16.4,D,0
-13.9893,130.5932,328.1,2,1.4,2019/8/1,524,Aqua,MODIS,77,6.3,307.5,36.9,D,0
-13.977,130.591,328.5,2,1.4,2019/8/1,524,Aqua,MODIS,78,6.3,306.1,37.9,D,0
-13.9801,130.573,331.5,2,1.4,2019/8/1,524,Aqua,MODIS,81,6.3,307.7,48,D,0
-14.0032,129.9573,326.1,1.8,1.3,2019/8/1,524,Aqua,MODIS,74,6.3,300.5,33.5,D,0
-12.954,135.0368,313.6,4.5,1.9,2019/8/1,524,Aqua,MODIS,39,6.3,298,55.3,D,0
-13.3642,131.9983,320,2.6,1.5,2019/8/1,524,Aqua,MODIS,56,6.3,306.4,23.2,D,0
-13.3071,131.9554,322.3,2.6,1.5,2019/8/1,524,Aqua,MODIS,69,6.3,307.1,30.5,D,0
-13.0241,132.9584,331.9,3.1,1.7,2019/8/1,524,Aqua,MODIS,82,6.3,300.3,116.4,D,0
-13.029,132.9311,325.1,3.1,1.7,2019/8/1,524,Aqua,MODIS,74,6.3,302.2,70.9,D,0
-11.4124,130.8343,322.7,2.3,1.5,2019/8/1,525,Aqua,MODIS,73,6.3,294.6,51.2,D,0
-11.4017,130.3339,312.7,2.1,1.4,2019/8/1,525,Aqua,MODIS,41,6.3,301.3,12,D,0
-11.4338,130.4654,328.1,2.1,1.4,2019/8/1,525,Aqua,MODIS,73,6.3,303.1,50.1,D,0
-11.4306,130.4848,337.8,2.2,1.4,2019/8/1,525,Aqua,MODIS,88,6.3,303.9,93.5,D,0
-11.4273,130.5045,318.2,2.2,1.4,2019/8/1,525,Aqua,MODIS,25,6.3,304.3,20.1,D,0
-11.4844,130.2392,317.1,2.1,1.4,2019/8/1,525,Aqua,MODIS,58,6.3,303.2,20.2,D,0
-11.4465,130.4676,327,2.1,1.4,2019/8/1,525,Aqua,MODIS,64,6.3,303.9,46.7,D,0
-11.4433,130.487,344.2,2.2,1.4,2019/8/1,525,Aqua,MODIS,92,6.3,306.2,127.9,D,0
-11.4401,130.5067,321.9,2.2,1.4,2019/8/1,525,Aqua,MODIS,68,6.3,305.5,31.3,D,0
-11.4028,130.8109,365.4,2.3,1.5,2019/8/1,525,Aqua,MODIS,100,6.3,297.5,318.8,D,0
-11.3993,130.832,367.4,2.3,1.5,2019/8/1,525,Aqua,MODIS,100,6.3,295.3,344.2,D,0
-11.5063,130.262,327.7,2.1,1.4,2019/8/1,525,Aqua,MODIS,0,6.3,304,48.8,D,0
-11.4158,130.8133,325.1,2.3,1.5,2019/8/1,525,Aqua,MODIS,73,6.3,295.8,55.9,D,0
-12.7927,133.8679,318.4,3.7,1.8,2019/8/1,525,Aqua,MODIS,42,6.3,297.6,66.8,D,0
-12.7842,133.8588,316.2,3.7,1.8,2019/8/1,525,Aqua,MODIS,52,6.3,296,53,D,0
-12.8384,132.8834,314.8,3.1,1.7,2019/8/1,525,Aqua,MODIS,26,6.3,301.7,23.8,D,0
-12.3181,134.9072,314.5,4.5,2,2019/8/1,525,Aqua,MODIS,37,6.3,297.8,48.1,D,0
-12.319,134.9024,314.8,4.5,2,2019/8/1,525,Aqua,MODIS,42,6.3,297.9,53.4,D,0
-12.4504,133.0855,357.8,3.3,1.7,2019/8/1,525,Aqua,MODIS,99,6.3,305.2,397.2,D,0
-12.4353,133.0819,321.4,3.3,1.7,2019/8/1,525,Aqua,MODIS,64,6.3,300.7,57.9,D,0
-12.4329,133.1044,320.6,3.3,1.7,2019/8/1,525,Aqua,MODIS,43,6.3,301.3,51.7,D,0
-12.4379,133.0754,333.7,3.3,1.7,2019/8/1,525,Aqua,MODIS,84,6.3,301.7,139.2,D,0
-12.5048,131.4945,324.5,2.5,1.5,2019/8/1,525,Aqua,MODIS,10,6.3,305.6,38.7,D,0
-12.5449,131.1883,318.5,2.3,1.5,2019/8/1,525,Aqua,MODIS,63,6.3,305.6,20.7,D,0
-12.5103,131.4879,326.5,2.5,1.5,2019/8/1,525,Aqua,MODIS,64,6.3,305.1,47.6,D,0
-12.4968,131.4855,321.1,2.5,1.5,2019/8/1,525,Aqua,MODIS,30,6.3,305.1,28.7,D,0
-12.4307,131.177,330.8,2.3,1.5,2019/8/1,525,Aqua,MODIS,82,6.3,305.7,67.1,D,0
-11.7408,131.0691,313.4,2.4,1.5,2019/8/1,525,Aqua,MODIS,39,6.3,299.7,15.3,D,0
-11.6877,130.6695,319.3,2.2,1.4,2019/8/1,525,Aqua,MODIS,71,6.3,302.2,27.7,D,0
-11.73,130.4163,321.3,2.1,1.4,2019/8/1,525,Aqua,MODIS,28,6.3,301.5,29.5,D,0
-11.6749,130.6672,317.7,2.2,1.4,2019/8/1,525,Aqua,MODIS,65,6.3,303,22.9,D,0
-11.6922,130.4092,324.4,2.1,1.4,2019/8/1,525,Aqua,MODIS,37,6.3,301.1,37.7,D,0
-11.6797,130.407,329.7,2.1,1.4,2019/8/1,525,Aqua,MODIS,51,6.3,303.1,55,D,0
-11.6671,130.4048,337.9,2.1,1.4,2019/8/1,525,Aqua,MODIS,89,6.3,303.2,89.8,D,0
-11.6703,130.3859,341.5,2.1,1.4,2019/8/1,525,Aqua,MODIS,91,6.3,305.6,104.8,D,0
-11.6677,130.3996,346.8,2.1,1.4,2019/8/1,525,Aqua,MODIS,93,6.3,304.3,134.3,D,0
-11.6582,130.3785,332.4,2.1,1.4,2019/8/1,525,Aqua,MODIS,84,6.3,304.9,64.3,D,0
-11.6613,130.3596,338.7,2.1,1.4,2019/8/1,525,Aqua,MODIS,89,6.3,304.7,93,D,0
-11.6456,130.3764,319.7,2.1,1.4,2019/8/1,525,Aqua,MODIS,49,6.3,303.5,23.2,D,0
-11.6488,130.3576,345.8,2.1,1.4,2019/8/1,525,Aqua,MODIS,93,6.3,304.1,129.5,D,0
-11.6519,130.3385,347.1,2.1,1.4,2019/8/1,525,Aqua,MODIS,94,6.3,302.7,136.9,D,0
-11.5189,130.2697,318.5,2.1,1.4,2019/8/1,525,Aqua,MODIS,42,6.3,304.6,21.5,D,0
-11.4081,130.8389,348.3,2.3,1.5,2019/8/1,525,Aqua,MODIS,94,6.3,294.6,174.7,D,0
-11.4117,130.8179,360,2.3,1.5,2019/8/1,525,Aqua,MODIS,99,6.3,298.6,263.1,D,0
-11.5064,130.2674,319.9,2.1,1.4,2019/8/1,525,Aqua,MODIS,48,6.3,303.7,25,D,0
-11.2365,131.8871,314.1,2.8,1.6,2019/8/1,525,Aqua,MODIS,0,6.3,299.6,26.8,D,0
-11.4089,130.8551,311.8,2.3,1.5,2019/8/1,525,Aqua,MODIS,19,6.3,290.1,21.2,D,0
-34.463,150.8819,303.9,1.3,1.1,2019/8/1,1305,Terra,MODIS,58,6.3,283.8,13.5,N,2
-25.0796,148.3843,301.6,1.4,1.2,2019/8/1,1308,Terra,MODIS,43,6.3,282.3,12.3,N,0
-20.7398,139.4731,307.1,1.4,1.2,2019/8/1,1309,Terra,MODIS,70,6.3,285.4,15.6,N,2
-13.5219,142.6561,302.6,1,1,2019/8/1,1311,Terra,MODIS,30,6.3,289.8,5.5,N,0
-14.3159,143.5057,304.1,1.1,1,2019/8/1,1311,Terra,MODIS,36,6.3,290.5,5.8,N,0
-14.7895,144.2807,364.3,1.1,1.1,2019/8/1,1311,Terra,MODIS,100,6.3,294.6,120.3,N,0
-14.7879,144.2913,364.8,1.1,1.1,2019/8/1,1311,Terra,MODIS,100,6.3,295.1,121.9,N,0
-14.7991,144.2823,321,1.1,1.1,2019/8/1,1311,Terra,MODIS,100,6.3,291.7,22.3,N,0
-14.7974,144.2929,340.5,1.1,1.1,2019/8/1,1311,Terra,MODIS,100,6.3,293.8,53.2,N,0
-14.7958,144.3035,323.8,1.2,1.1,2019/8/1,1311,Terra,MODIS,100,6.3,291.9,25,N,0
-14.7942,144.3141,322.2,1.2,1.1,2019/8/1,1311,Terra,MODIS,100,6.3,291.1,23.1,N,0
-14.8038,144.3157,308.6,1.2,1.1,2019/8/1,1311,Terra,MODIS,75,6.3,291.9,9.9,N,0
-14.824,144.3362,303.4,1.2,1.1,2019/8/1,1311,Terra,MODIS,19,6.3,290.9,4.7,N,0
-15.3764,142.2424,301.1,1,1,2019/8/1,1311,Terra,MODIS,37,6.3,289.6,4.6,N,0
-15.3774,142.2995,304.6,1,1,2019/8/1,1311,Terra,MODIS,59,6.3,288.2,6.6,N,0
-15.4345,142.7305,300.6,1,1,2019/8/1,1311,Terra,MODIS,31,6.3,290.5,3.8,N,0
-12.5569,141.8909,310.6,1,1,2019/8/1,1311,Terra,MODIS,81,6.3,291.1,10.1,N,0
-13.2537,141.9714,313.8,1,1,2019/8/1,1311,Terra,MODIS,42,6.3,292.2,10.9,N,0
-13.2524,141.9806,312.4,1,1,2019/8/1,1311,Terra,MODIS,17,6.3,292.1,9.2,N,0
-13.287,141.9954,301.8,1,1,2019/8/1,1311,Terra,MODIS,44,6.3,290.7,5,N,0
-13.279,142.4939,300.2,1,1,2019/8/1,1311,Terra,MODIS,20,6.3,290,4.4,N,0
-13.2776,142.5033,300.6,1,1,2019/8/1,1311,Terra,MODIS,30,6.3,289.8,4.6,N,0
-13.3153,142.3087,301.5,1,1,2019/8/1,1311,Terra,MODIS,41,6.3,290.6,4.7,N,0
-13.5142,142.6452,304.8,1,1,2019/8/1,1311,Terra,MODIS,62,6.3,290.1,7,N,0
-14.3081,143.4943,305.1,1.1,1,2019/8/1,1311,Terra,MODIS,38,6.3,290.4,6.7,N,0
-11.4598,130.5282,313.5,4.6,2,2019/8/1,1312,Terra,MODIS,82,6.3,290.8,108.7,N,0
-13.0233,132.9405,304,3.2,1.7,2019/8/1,1312,Terra,MODIS,58,6.3,293.4,25,N,0
-13.1158,132.9033,304.3,3.2,1.7,2019/8/1,1312,Terra,MODIS,59,6.3,293.9,28,N,0
-11.4605,130.5216,315.8,4.6,2,2019/8/1,1312,Terra,MODIS,89,6.3,290.7,126.4,N,0
-32.4471,116.163,302.8,1.6,1.2,2019/8/1,1445,Terra,MODIS,51,6.3,281.1,15.6,N,0
-16.0666,125.893,301.2,3,1.6,2019/8/1,1449,Terra,MODIS,30,6.3,288.3,22.8,N,0
-14.233,130.727,306.9,2.4,1.5,2019/8/1,1615,Aqua,MODIS,68,6.3,291.1,25.9,N,0
-14.2292,130.7049,316.8,2.4,1.5,2019/8/1,1615,Aqua,MODIS,94,6.3,292,53.3,N,0
-13.1196,132.922,305.2,1.7,1.3,2019/8/1,1615,Aqua,MODIS,63,6.3,291.9,14.7,N,0
-13.117,132.9063,301.2,1.8,1.3,2019/8/1,1615,Aqua,MODIS,39,6.3,290.4,9.6,N,0
-13.0525,132.9231,301.4,1.8,1.3,2019/8/1,1615,Aqua,MODIS,27,6.3,290.9,8.7,N,0
-13.0117,132.9653,304.9,1.7,1.3,2019/8/1,1615,Aqua,MODIS,57,6.3,292.1,13.1,N,0
-12.977,132.9714,305.5,1.7,1.3,2019/8/1,1615,Aqua,MODIS,65,6.3,291.7,15.4,N,0
-12.9743,132.9554,301.7,1.7,1.3,2019/8/1,1615,Aqua,MODIS,43,6.3,291.4,10.2,N,0
-11.4235,130.4807,302.6,2.9,1.6,2019/8/1,1615,Aqua,MODIS,50,6.3,291,25.6,N,0
-11.421,130.4861,304.6,2.9,1.6,2019/8/1,1615,Aqua,MODIS,61,6.3,291.3,32,N,0
-15.7602,137.0482,300.3,1,1,2019/8/1,1615,Aqua,MODIS,24,6.3,287.1,5.7,N,0
-15.7712,136.9987,326.7,1,1,2019/8/1,1615,Aqua,MODIS,100,6.3,290.9,26.4,N,0
-14.6203,130.6227,308.8,2.4,1.5,2019/8/1,1615,Aqua,MODIS,49,6.3,291.2,31.1,N,0
-14.6378,130.6431,305.2,2.4,1.5,2019/8/1,1615,Aqua,MODIS,22,6.3,291.6,21.5,N,0
-14.2859,130.7349,301.3,2.4,1.5,2019/8/1,1615,Aqua,MODIS,40,6.3,290.6,16.4,N,0
-14.2282,130.723,311,2.4,1.5,2019/8/1,1615,Aqua,MODIS,81,6.3,291.6,36.9,N,0
-14.2242,130.7007,309.4,2.4,1.5,2019/8/1,1615,Aqua,MODIS,77,6.3,291.4,33.1,N,0
-16.1354,136.7244,302.4,1,1,2019/8/1,1616,Aqua,MODIS,28,6.3,286.7,6.2,N,0
-15.7816,137.0067,311.3,1,1,2019/8/1,1616,Aqua,MODIS,82,6.3,290.1,11.7,N,0
-15.0086,131.7782,301.7,2,1.4,2019/8/1,1616,Aqua,MODIS,43,6.3,290.2,13.7,N,0
-16.1452,136.7267,304.8,1,1,2019/8/1,1616,Aqua,MODIS,62,6.3,286.7,8.3,N,0
-15.1785,129.9115,304.9,2.7,1.6,2019/8/1,1616,Aqua,MODIS,62,6.3,293.5,24.9,N,0
-15.1826,129.9346,319.3,2.7,1.6,2019/8/1,1616,Aqua,MODIS,98,6.3,293.7,70.6,N,0
-15.1737,129.9314,310.9,2.7,1.6,2019/8/1,1616,Aqua,MODIS,81,6.3,292.1,39,N,0
-15.1877,129.9285,307.8,2.7,1.6,2019/8/1,1616,Aqua,MODIS,73,6.3,293.2,31.9,N,0
-15.503,130.6239,306.4,2.3,1.5,2019/8/1,1616,Aqua,MODIS,41,6.3,292.4,22.2,N,0
-15.4997,130.6191,306.7,2.3,1.5,2019/8/1,1616,Aqua,MODIS,34,6.3,292,22.8,N,0
-20.7922,119.449,303.3,2.6,1.5,2019/8/1,1755,Aqua,MODIS,54,6.3,287.9,24.3,N,0
-23.3644,146.7548,331.4,1.9,1.3,2019/8/2,4,Terra,MODIS,86,6.3,294.4,70,D,0
-27.761,148.4035,312,1.2,1.1,2019/8/2,5,Terra,MODIS,44,6.3,295.7,8.7,D,0
-24.9392,149.6866,319.5,1.2,1.1,2019/8/2,5,Terra,MODIS,79,6.3,294,19,D,0
-26.8312,151.9025,301.7,1,1,2019/8/2,5,Terra,MODIS,28,6.3,289.6,3.7,D,0
-27.8513,149.1812,307,1.1,1.1,2019/8/2,5,Terra,MODIS,53,6.3,292.9,7.7,D,0
-27.1854,148.6423,333.1,1.2,1.1,2019/8/2,5,Terra,MODIS,87,6.3,293.6,40.9,D,0
-27.1953,148.6402,328.5,1.2,1.1,2019/8/2,5,Terra,MODIS,85,6.3,294.7,32.9,D,0
-27.2172,148.6483,349,1.2,1.1,2019/8/2,5,Terra,MODIS,95,6.3,297,76.9,D,0
-27.2193,148.6607,341.5,1.2,1.1,2019/8/2,5,Terra,MODIS,92,6.3,294.4,57.3,D,0
-27.2271,148.6462,319,1.2,1.1,2019/8/2,5,Terra,MODIS,77,6.3,295.6,18.6,D,0
-27.2292,148.6586,326.3,1.2,1.1,2019/8/2,5,Terra,MODIS,83,6.3,296,29,D,0
-27.5546,148.8236,308.7,1.2,1.1,2019/8/2,5,Terra,MODIS,54,6.3,293.9,6.7,D,0
-27.7697,148.3956,311.7,1.2,1.1,2019/8/2,5,Terra,MODIS,49,6.3,295.3,8.2,D,0
-29.112,150.066,309,1,1,2019/8/2,6,Terra,MODIS,60,6.3,297.3,5.1,D,0
-28.5513,149.8406,308.1,1.1,1,2019/8/2,6,Terra,MODIS,59,6.3,295.9,4.8,D,0
-28.5496,149.8298,310.4,1.1,1,2019/8/2,6,Terra,MODIS,65,6.3,296.1,6.6,D,0
-28.4773,149.8556,309.1,1.1,1,2019/8/2,6,Terra,MODIS,62,6.3,295.1,5.8,D,0
-29.4444,150.5449,309.5,1,1,2019/8/2,6,Terra,MODIS,63,6.3,295.3,6.6,D,0
-31.3054,151.3606,310.1,1,1,2019/8/2,6,Terra,MODIS,69,6.3,288.3,10.9,D,0
-30.3141,148.0066,304.9,1.2,1.1,2019/8/2,6,Terra,MODIS,55,6.3,293.7,4.1,D,0
-30.9368,152.3981,304.1,1,1,2019/8/2,6,Terra,MODIS,55,6.3,288.3,6.9,D,0
-30.31,148.9637,304.7,1.1,1,2019/8/2,6,Terra,MODIS,33,6.3,293.8,3.6,D,0
-30.3669,149.9539,304.5,1,1,2019/8/2,6,Terra,MODIS,44,6.3,293.2,4.1,D,0
-30.3461,152.1767,304.2,1,1,2019/8/2,6,Terra,MODIS,51,6.3,288.4,5.2,D,0
-29.8435,151.2999,305.6,1,1,2019/8/2,6,Terra,MODIS,41,6.3,294.2,3.9,D,0
-29.8224,151.2826,308.1,1,1,2019/8/2,6,Terra,MODIS,60,6.3,293.4,5.7,D,0
-29.7975,152.5318,304.4,1,1,2019/8/2,6,Terra,MODIS,59,6.3,287.1,7.3,D,0
-29.4428,150.5345,331.5,1,1,2019/8/2,6,Terra,MODIS,87,6.3,295.3,28.9,D,0
-29.4338,150.5364,325.9,1,1,2019/8/2,6,Terra,MODIS,83,6.3,295.7,21.6,D,0
-29.2555,150.4549,312.5,1,1,2019/8/2,6,Terra,MODIS,69,6.3,297.5,7.3,D,0
-29.2539,150.4445,317.4,1,1,2019/8/2,6,Terra,MODIS,75,6.3,297.5,11.5,D,0
-31.931,147.248,304.8,1.2,1.1,2019/8/2,7,Terra,MODIS,60,6.3,290.6,6.4,D,0
-31.9409,147.2457,302.3,1.2,1.1,2019/8/2,7,Terra,MODIS,50,6.3,289.2,4.4,D,0
-32.1089,149.2395,300.4,1,1,2019/8/2,7,Terra,MODIS,32,6.3,289.9,4.1,D,0
-34.1861,142.2667,301.6,2.2,1.4,2019/8/2,7,Terra,MODIS,37,6.3,285.2,15.6,D,0
-34.1884,142.2718,306,2.2,1.4,2019/8/2,7,Terra,MODIS,63,6.3,285.1,25,D,0
-34.5834,147.9721,304.1,1.1,1,2019/8/2,7,Terra,MODIS,58,6.3,283.4,9.3,D,0
-34.4649,150.893,302.2,1,1,2019/8/2,7,Terra,MODIS,0,6.3,290.7,3.8,D,2
-34.4634,150.8819,306.9,1,1,2019/8/2,7,Terra,MODIS,56,6.3,291,6.9,D,2
-41.6233,148.2001,303.9,1,1,2019/8/2,9,Terra,MODIS,57,6.3,278.3,9.5,D,0
-41.6216,148.1881,329.8,1,1,2019/8/2,9,Terra,MODIS,86,6.3,280.8,32.5,D,0
-14.2906,134.939,337.2,1.6,1.2,2019/8/2,140,Terra,MODIS,88,6.3,304.5,62.4,D,0
-11.2207,131.8931,323.3,1,1,2019/8/2,140,Terra,MODIS,0,6.3,304.3,13.7,D,0
-11.2557,131.8785,324.1,1,1,2019/8/2,140,Terra,MODIS,77,6.3,303.5,14.8,D,0
-11.2571,131.8878,324.6,1,1,2019/8/2,140,Terra,MODIS,78,6.3,304,15.3,D,0
-11.5159,132.6096,326.4,1.1,1,2019/8/2,140,Terra,MODIS,75,6.3,303.1,18.8,D,0
-11.5173,132.6195,357.8,1.1,1,2019/8/2,140,Terra,MODIS,99,6.3,306,81,D,0
-11.5368,132.7585,317.9,1.1,1,2019/8/2,140,Terra,MODIS,60,6.3,302.7,8.9,D,0
-11.5266,132.6182,327.9,1.1,1,2019/8/2,140,Terra,MODIS,70,6.3,304,19.7,D,0
-11.5462,132.7572,327,1.1,1,2019/8/2,140,Terra,MODIS,79,6.3,303.5,19,D,0
-11.5827,132.6345,320.2,1.1,1,2019/8/2,140,Terra,MODIS,49,6.3,304.6,10.5,D,0
-11.5841,132.6445,321.5,1.1,1,2019/8/2,140,Terra,MODIS,54,6.3,303.5,11.4,D,0
-11.3928,130.8015,371.4,1,1,2019/8/2,140,Terra,MODIS,100,6.3,306.3,112.7,D,0
-11.3941,130.8105,353.6,1,1,2019/8/2,140,Terra,MODIS,97,6.3,306.4,61.6,D,0
-11.3954,130.8196,324.4,1,1,2019/8/2,140,Terra,MODIS,59,6.3,304.8,13.5,D,0
-11.3968,130.8287,322.2,1,1,2019/8/2,140,Terra,MODIS,41,6.3,305.4,11.2,D,0
-11.3995,130.8469,325.1,1,1,2019/8/2,140,Terra,MODIS,41,6.3,303.6,13.9,D,0
-11.4031,130.8092,321.2,1,1,2019/8/2,140,Terra,MODIS,42,6.3,303.2,10.3,D,0
-11.4098,130.8547,319,1,1,2019/8/2,140,Terra,MODIS,38,6.3,305.5,8.4,D,0
-11.4111,130.8638,322.4,1,1,2019/8/2,140,Terra,MODIS,68,6.3,303.5,11.9,D,0
-11.4208,130.8651,327.1,1,1,2019/8/2,140,Terra,MODIS,74,6.3,304.9,18.1,D,0
-11.4414,130.5086,324.6,1,1,2019/8/2,140,Terra,MODIS,43,6.3,307,9.7,D,0
-11.4427,130.5177,321.6,1,1,2019/8/2,140,Terra,MODIS,43,6.3,308.1,7.7,D,0
-11.5029,130.2408,362.6,1,1,2019/8/2,140,Terra,MODIS,100,6.3,303.4,92.2,D,3
-11.5043,130.25,341.8,1,1,2019/8/2,140,Terra,MODIS,68,6.3,305.5,38.8,D,0
-11.6442,130.385,338.2,1,1,2019/8/2,140,Terra,MODIS,88,6.3,304.2,28.7,D,0
-11.6456,130.3941,351.5,1,1,2019/8/2,140,Terra,MODIS,96,6.3,306.5,54.7,D,0
-11.7453,131.0684,319.4,1,1,2019/8/2,140,Terra,MODIS,60,6.3,303.3,9,D,0
-11.6545,130.3928,359,1,1,2019/8/2,140,Terra,MODIS,99,6.3,308.4,72.7,D,0
-11.6559,130.4019,359.3,1,1,2019/8/2,140,Terra,MODIS,99,6.3,308.5,73.7,D,0
-11.6444,130.2632,319.3,1,1,2019/8/2,140,Terra,MODIS,55,6.3,305.2,9.5,D,0
-11.6594,130.364,324.4,1,1,2019/8/2,140,Terra,MODIS,68,6.3,306.7,11.5,D,0
-11.6663,130.4097,348.3,1,1,2019/8/2,140,Terra,MODIS,94,6.3,308.4,48.5,D,0
-11.6676,130.4188,326.4,1,1,2019/8/2,140,Terra,MODIS,47,6.3,303.8,14.3,D,0
-11.687,130.4253,344,1,1,2019/8/2,140,Terra,MODIS,92,6.3,305.4,40.3,D,0
-11.696,130.4239,331.2,1,1,2019/8/2,140,Terra,MODIS,60,6.3,305.5,19.5,D,0
-11.7311,130.661,322,1,1,2019/8/2,140,Terra,MODIS,72,6.3,304.8,10.7,D,0
-11.7325,130.6701,346.1,1,1,2019/8/2,,,,,,,,,
